title,year,duration,duration_min,rating,votes,genre
The Shawshank Redemption,1994,142 min,142,9.3,2850000,Drama
The Godfather,1972,175 min,175,9.2,2000000,Crime
The Dark Knight,2008,152 min,152,9.0,2800000,Action
The Godfather Part II,1974,202 min,202,9.0,1350000,Crime
12 Angry Men,1957,96 min,96,9.0,850000,Drama
Schindler's List,1993,195 min,195,9.0,1420000,Biography
The Lord of the Rings: The Return of the King,2003,201 min,201,9.0,1950000,Adventure
Pulp Fiction,1994,154 min,154,8.9,2180000,Crime
The Lord of the Rings: The Fellowship of the Ring,2001,178 min,178,8.9,1980000,Adventure
"The Good, the Bad and the Ugly",1966,178 min,178,8.8,800000,Western
Forrest Gump,1994,142 min,142,8.8,2220000,Drama
Fight Club,1999,139 min,139,8.8,2270000,Drama
The Lord of the Rings: The Two Towers,2002,179 min,179,8.8,1760000,Adventure
Inception,2010,148 min,148,8.8,2500000,Sci-Fi
Star Wars: Episode V - The Empire Strikes Back,1980,124 min,124,8.7,1360000,Action
The Matrix,1999,136 min,136,8.7,2030000,Sci-Fi
Goodfellas,1990,145 min,145,8.7,1240000,Biography
One Flew Over the Cuckoo's Nest,1975,133 min,133,8.7,1060000,Drama
Interstellar,2014,169 min,169,8.7,2020000,Sci-Fi
Seven,1995,127 min,127,8.6,1760000,Crime
The Silence of the Lambs,1991,118 min,118,8.6,1530000,Thriller
Saving Private Ryan,1998,169 min,169,8.6,1470000,War
City of God,2002,130 min,130,8.6,790000,Crime
Spirited Away,2001,125 min,125,8.6,830000,Animation
Life Is Beautiful,1997,116 min,116,8.6,730000,Comedy
The Green Mile,1999,189 min,189,8.6,1380000,Drama
Star Wars: Episode IV - A New Hope,1977,121 min,121,8.6,1430000,Action
Terminator 2: Judgment Day,1991,137 min,137,8.6,1150000,Action
Back to the Future,1985,116 min,116,8.5,1280000,Adventure
The Pianist,2002,150 min,150,8.5,890000,Biography
Psycho,1960,109 min,109,8.5,700000,Horror
Parasite,2019,132 min,132,8.5,910000,Drama
Gladiator,2000,155 min,155,8.5,1580000,Action
The Lion King,1994,88 min,88,8.5,1110000,Animation
Leon: The Professional,1994,110 min,110,8.5,1220000,Action
The Departed,2006,151 min,151,8.5,1400000,Crime
Whiplash,2014,106 min,106,8.5,950000,Drama
The Prestige,2006,130 min,130,8.5,1410000,Mystery
Casablanca,1942,102 min,102,8.5,600000,Romance
Alien,1979,117 min,117,8.5,930000,Sci-Fi
Apocalypse Now,1979,147 min,147,8.4,700000,Drama
Spider-Man: Into the Spider-Verse,2018,117 min,117,8.4,640000,Animation
Memento,2000,113 min,113,8.4,1290000,Mystery
WALL-E,2008,98 min,98,8.4,1170000,Animation
Avengers: Infinity War,2018,149 min,149,8.4,1170000,Action
Django Unchained,2012,165 min,165,8.4,1640000,Western
Coco,2017,105 min,105,8.4,570000,Animation
Braveheart,1995,178 min,178,8.4,1080000,Biography
Oldboy,2003,120 min,120,8.4,610000,Action
Oppenheimer,2023,180 min,180,8.9,750000,Biography
